model_name,Recall@1,Recall@5,Recall@10,Recall@15,Recall@20,Recall@25,Recall@30,Recall@35,Recall@40,Recall@45,Recall@50,MRR@10
Zeek,0.305,0.65,0.815,0.875,0.925,0.955,0.97,0.975,0.975,0.98,0.98,0.45456944444444436
sim,0.34,0.675,0.825,0.91,0.935,0.96,0.98,0.985,0.99,0.99,0.99,0.48424404761904755
